<metadata xml:lang="es"><Esri><CreaDate>20241021</CreaDate><CreaTime>16583900</CreaTime><ArcGISFormat>1.0</ArcGISFormat><SyncOnce>FALSE</SyncOnce><DataProperties><lineage><Process ToolSource="c:\program files (x86)\arcgis\desktop10.2\ArcToolbox\Toolboxes\Data Management Tools.tbx\CalculateField" Date="20171030" Time="152529">CalculateField SeccionalesPolicialesPrefectura_pruebas OBSERVACIONES "MONTEVIDEO" VB #</Process><Process ToolSource="c:\program files (x86)\arcgis\desktop10.2\ArcToolbox\Toolboxes\Data Management Tools.tbx\CalculateField" Date="20171030" Time="152622">CalculateField SeccionalesPolicialesPrefectura_pruebas OBSERVACIONES "ARTIGAS" VB #</Process><Process ToolSource="c:\program files (x86)\arcgis\desktop10.2\ArcToolbox\Toolboxes\Data Management Tools.tbx\CalculateField" Date="20171030" Time="152642">CalculateField SeccionalesPolicialesPrefectura_pruebas OBSERVACIONES "CANELONES" VB #</Process><Process ToolSource="c:\program files (x86)\arcgis\desktop10.2\ArcToolbox\Toolboxes\Data Management Tools.tbx\CalculateField" Date="20171030" Time="152725">CalculateField SeccionalesPolicialesPrefectura_pruebas OBSERVACIONES "CERRO LARGO" VB #</Process><Process ToolSource="c:\program files (x86)\arcgis\desktop10.2\ArcToolbox\Toolboxes\Data Management Tools.tbx\CalculateField" Date="20171030" Time="152747">CalculateField SeccionalesPolicialesPrefectura_pruebas OBSERVACIONES "COLONIA" VB #</Process><Process ToolSource="c:\program files (x86)\arcgis\desktop10.2\ArcToolbox\Toolboxes\Data Management Tools.tbx\CalculateField" Date="20171030" Time="152813">CalculateField SeccionalesPolicialesPrefectura_pruebas OBSERVACIONES "DURAZNO" VB #</Process><Process ToolSource="c:\program files (x86)\arcgis\desktop10.2\ArcToolbox\Toolboxes\Data Management Tools.tbx\CalculateField" Date="20171030" Time="152833">CalculateField SeccionalesPolicialesPrefectura_pruebas OBSERVACIONES "FLORES" VB #</Process><Process ToolSource="c:\program files (x86)\arcgis\desktop10.2\ArcToolbox\Toolboxes\Data Management Tools.tbx\CalculateField" Date="20171030" Time="153039">CalculateField SeccionalesPolicialesPrefectura_pruebas OBSERVACIONES "FLORIDA" VB #</Process><Process ToolSource="c:\program files (x86)\arcgis\desktop10.2\ArcToolbox\Toolboxes\Data Management Tools.tbx\CalculateField" Date="20171030" Time="153111">CalculateField SeccionalesPolicialesPrefectura_pruebas OBSERVACIONES "LAVALLEJA" VB #</Process><Process ToolSource="c:\program files (x86)\arcgis\desktop10.2\ArcToolbox\Toolboxes\Data Management Tools.tbx\CalculateField" Date="20171030" Time="153140">CalculateField SeccionalesPolicialesPrefectura_pruebas OBSERVACIONES "MALDONADO" VB #</Process><Process ToolSource="c:\program files (x86)\arcgis\desktop10.2\ArcToolbox\Toolboxes\Data Management Tools.tbx\CalculateField" Date="20171030" Time="153215">CalculateField SeccionalesPolicialesPrefectura_pruebas OBSERVACIONES "PAYSANDU" VB #</Process><Process ToolSource="c:\program files (x86)\arcgis\desktop10.2\ArcToolbox\Toolboxes\Data Management Tools.tbx\CalculateField" Date="20171030" Time="153235">CalculateField SeccionalesPolicialesPrefectura_pruebas OBSERVACIONES "RIO NEGRO" VB #</Process><Process ToolSource="c:\program files (x86)\arcgis\desktop10.2\ArcToolbox\Toolboxes\Data Management Tools.tbx\CalculateField" Date="20171030" Time="153256">CalculateField SeccionalesPolicialesPrefectura_pruebas OBSERVACIONES "RIVERA" VB #</Process><Process ToolSource="c:\program files (x86)\arcgis\desktop10.2\ArcToolbox\Toolboxes\Data Management Tools.tbx\CalculateField" Date="20171030" Time="153312">CalculateField SeccionalesPolicialesPrefectura_pruebas OBSERVACIONES "ROCHA" VB #</Process><Process ToolSource="c:\program files (x86)\arcgis\desktop10.2\ArcToolbox\Toolboxes\Data Management Tools.tbx\CalculateField" Date="20171030" Time="153342">CalculateField SeccionalesPolicialesPrefectura_pruebas OBSERVACIONES "SALTO" VB #</Process><Process ToolSource="c:\program files (x86)\arcgis\desktop10.2\ArcToolbox\Toolboxes\Data Management Tools.tbx\CalculateField" Date="20171030" Time="153402">CalculateField SeccionalesPolicialesPrefectura_pruebas OBSERVACIONES "SAN JOSE" VB #</Process><Process ToolSource="c:\program files (x86)\arcgis\desktop10.2\ArcToolbox\Toolboxes\Data Management Tools.tbx\CalculateField" Date="20171030" Time="153425">CalculateField SeccionalesPolicialesPrefectura_pruebas OBSERVACIONES "SORIANO" VB #</Process><Process ToolSource="c:\program files (x86)\arcgis\desktop10.2\ArcToolbox\Toolboxes\Data Management Tools.tbx\CalculateField" Date="20171030" Time="153458">CalculateField SeccionalesPolicialesPrefectura_pruebas OBSERVACIONES "TACUEREMBO" VB #</Process><Process ToolSource="c:\program files (x86)\arcgis\desktop10.2\ArcToolbox\Toolboxes\Data Management Tools.tbx\CalculateField" Date="20171030" Time="153513">CalculateField SeccionalesPolicialesPrefectura_pruebas OBSERVACIONES "TREINTA Y TRES" VB #</Process><Process ToolSource="c:\program files (x86)\arcgis\desktop10.2\ArcToolbox\Toolboxes\Data Management Tools.tbx\CalculateField" Date="20171030" Time="154605">CalculateField SeccionalesPolicialesPrefectura_pruebas DEPARTAMENTO "TREINTA Y TRES" VB #</Process><Process ToolSource="c:\program files (x86)\arcgis\desktop10.2\ArcToolbox\Toolboxes\Data Management Tools.tbx\CalculateField" Date="20171030" Time="154626">CalculateField SeccionalesPolicialesPrefectura_pruebas DEPARTAMENTO "TACUEREMBO" VB #</Process><Process ToolSource="c:\program files (x86)\arcgis\desktop10.2\ArcToolbox\Toolboxes\Data Management Tools.tbx\CalculateField" Date="20171030" Time="154644">CalculateField SeccionalesPolicialesPrefectura_pruebas DEPARTAMENTO "SORIANO" VB #</Process><Process ToolSource="c:\program files (x86)\arcgis\desktop10.2\ArcToolbox\Toolboxes\Data Management Tools.tbx\CalculateField" Date="20171030" Time="154659">CalculateField SeccionalesPolicialesPrefectura_pruebas DEPARTAMENTO "SAN JOSE" VB #</Process><Process ToolSource="c:\program files (x86)\arcgis\desktop10.2\ArcToolbox\Toolboxes\Data Management Tools.tbx\CalculateField" Date="20171030" Time="154716">CalculateField SeccionalesPolicialesPrefectura_pruebas DEPARTAMENTO "SALTO" VB #</Process><Process ToolSource="c:\program files (x86)\arcgis\desktop10.2\ArcToolbox\Toolboxes\Data Management Tools.tbx\CalculateField" Date="20171030" Time="154733">CalculateField SeccionalesPolicialesPrefectura_pruebas DEPARTAMENTO "ROCHA" VB #</Process><Process ToolSource="c:\program files (x86)\arcgis\desktop10.2\ArcToolbox\Toolboxes\Data Management Tools.tbx\CalculateField" Date="20171030" Time="154755">CalculateField SeccionalesPolicialesPrefectura_pruebas DEPARTAMENTO "RIVERA" VB #</Process><Process ToolSource="c:\program files (x86)\arcgis\desktop10.2\ArcToolbox\Toolboxes\Data Management Tools.tbx\CalculateField" Date="20171030" Time="154811">CalculateField SeccionalesPolicialesPrefectura_pruebas DEPARTAMENTO "RIO NEGRO" VB #</Process><Process ToolSource="c:\program files (x86)\arcgis\desktop10.2\ArcToolbox\Toolboxes\Data Management Tools.tbx\CalculateField" Date="20171030" Time="154838">CalculateField SeccionalesPolicialesPrefectura_pruebas DEPARTAMENTO "PAYSANDU" VB #</Process><Process ToolSource="c:\program files (x86)\arcgis\desktop10.2\ArcToolbox\Toolboxes\Data Management Tools.tbx\CalculateField" Date="20171030" Time="154854">CalculateField SeccionalesPolicialesPrefectura_pruebas DEPARTAMENTO "MONTEVIDEO" VB #</Process><Process ToolSource="c:\program files (x86)\arcgis\desktop10.2\ArcToolbox\Toolboxes\Data Management Tools.tbx\CalculateField" Date="20171030" Time="154911">CalculateField SeccionalesPolicialesPrefectura_pruebas DEPARTAMENTO "MALDONADO" VB #</Process><Process ToolSource="c:\program files (x86)\arcgis\desktop10.2\ArcToolbox\Toolboxes\Data Management Tools.tbx\CalculateField" Date="20171030" Time="154932">CalculateField SeccionalesPolicialesPrefectura_pruebas DEPARTAMENTO "LAVALLEJA" VB #</Process><Process ToolSource="c:\program files (x86)\arcgis\desktop10.2\ArcToolbox\Toolboxes\Data Management Tools.tbx\CalculateField" Date="20171030" Time="154955">CalculateField SeccionalesPolicialesPrefectura_pruebas DEPARTAMENTO "FLORIDA" VB #</Process><Process ToolSource="c:\program files (x86)\arcgis\desktop10.2\ArcToolbox\Toolboxes\Data Management Tools.tbx\CalculateField" Date="20171030" Time="155425">CalculateField SeccionalesPolicialesPrefectura_pruebas OBSERVACIONES "" VB #</Process><Process ToolSource="c:\program files (x86)\arcgis\desktop10.2\ArcToolbox\Toolboxes\Data Management Tools.tbx\CalculateField" Date="20171030" Time="155434">CalculateField SeccionalesPolicialesPrefectura_pruebas OBSERVACIONES "" VB #</Process><Process ToolSource="c:\program files (x86)\arcgis\desktop10.2\ArcToolbox\Toolboxes\Conversion Tools.tbx\FeatureClassToFeatureClass" Date="20171030" Time="173427">FeatureClassToFeatureClass "C:\SIG 2016\SeccionalesPolicialesSet2017.gdb\Mapabase\SeccionalesPolicialesPrefectura" "Database Servers\192.168.151.51_SQLEXPRESS.gds\Minterior (VERSION:dbo.DEFAULT)\Minterior.DBO.SGP" SeccionalesPolicialesPrefectura # "NOMBRE "CALLE" true true false 50 Text 0 0 ,First,#,C:\SIG 2016\SeccionalesPolicialesSet2017.gdb\Mapabase\SeccionalesPolicialesPrefectura,NOMBRE,-1,-1;DEPARTAMENTO "DEPARTAMENTO" true true false 50 Text 0 0 ,First,#,C:\SIG 2016\SeccionalesPolicialesSet2017.gdb\Mapabase\SeccionalesPolicialesPrefectura,DEPARTAMENTO,-1,-1;SECCION "SECCION" true true false 2 Short 0 0 ,First,#,C:\SIG 2016\SeccionalesPolicialesSet2017.gdb\Mapabase\SeccionalesPolicialesPrefectura,SECCION,-1,-1;NPUERTA "NPUERTA" true true false 2 Short 0 0 ,First,#,C:\SIG 2016\SeccionalesPolicialesSet2017.gdb\Mapabase\SeccionalesPolicialesPrefectura,NPUERTA,-1,-1;NOMBRE_1 "NOMBRE_1" true true false 50 Text 0 0 ,First,#,C:\SIG 2016\SeccionalesPolicialesSet2017.gdb\Mapabase\SeccionalesPolicialesPrefectura,NOMBRE_1,-1,-1;OBSERVACIONES "OBSERVACIONES" true true false 200 Text 0 0 ,First,#,C:\SIG 2016\SeccionalesPolicialesSet2017.gdb\Mapabase\SeccionalesPolicialesPrefectura,OBSERVACIONES,-1,-1;CODIGODPTO "CODIGODPTO" true true false 6 Text 0 0 ,First,#,C:\SIG 2016\SeccionalesPolicialesSet2017.gdb\Mapabase\SeccionalesPolicialesPrefectura,CODIGODPTO,-1,-1;CODIGOSECCION "CODIGOSECCION" true true false 6 Text 0 0 ,First,#,C:\SIG 2016\SeccionalesPolicialesSet2017.gdb\Mapabase\SeccionalesPolicialesPrefectura,CODIGOSECCION,-1,-1;SHAPE_Length "SHAPE_Length" false true true 8 Double 0 0 ,First,#,C:\SIG 2016\SeccionalesPolicialesSet2017.gdb\Mapabase\SeccionalesPolicialesPrefectura,SHAPE_Length,-1,-1;SHAPE_Area "SHAPE_Area" false true true 8 Double 0 0 ,First,#,C:\SIG 2016\SeccionalesPolicialesSet2017.gdb\Mapabase\SeccionalesPolicialesPrefectura,SHAPE_Area,-1,-1" #</Process><Process ToolSource="c:\program files (x86)\arcgis\desktop10.2\ArcToolbox\Toolboxes\Conversion Tools.tbx\FeatureClassToFeatureClass" Date="20171030" Time="174122">FeatureClassToFeatureClass "Database Servers\192.168.151.51_SQLEXPRESS.gds\Minterior (VERSION:dbo.DEFAULT)\Minterior.DBO.SGP\Minterior.DBO.Seccionales_Policiales" "C:\SIG 2016\SeccionalesPolicialesSet2017.gdb\Mapabase" parahacertopologiseccionpoli # "NOMBRE "CALLE" true true false 50 Text 0 0 ,First,#,Database Servers\192.168.151.51_SQLEXPRESS.gds\Minterior (VERSION:dbo.DEFAULT)\Minterior.DBO.SGP\Minterior.DBO.Seccionales_Policiales,NOMBRE,-1,-1;DEPARTAMENTO "DEPARTAMENTO" true true false 50 Text 0 0 ,First,#,Database Servers\192.168.151.51_SQLEXPRESS.gds\Minterior (VERSION:dbo.DEFAULT)\Minterior.DBO.SGP\Minterior.DBO.Seccionales_Policiales,DEPARTAMENTO,-1,-1;SECCION "SECCION" true true false 2 Short 0 5 ,First,#,Database Servers\192.168.151.51_SQLEXPRESS.gds\Minterior (VERSION:dbo.DEFAULT)\Minterior.DBO.SGP\Minterior.DBO.Seccionales_Policiales,SECCION,-1,-1;NPUERTA "NPUERTA" true true false 2 Short 0 5 ,First,#,Database Servers\192.168.151.51_SQLEXPRESS.gds\Minterior (VERSION:dbo.DEFAULT)\Minterior.DBO.SGP\Minterior.DBO.Seccionales_Policiales,NPUERTA,-1,-1;NOMBRE_1 "NOMBRE_1" true true false 50 Text 0 0 ,First,#,Database Servers\192.168.151.51_SQLEXPRESS.gds\Minterior (VERSION:dbo.DEFAULT)\Minterior.DBO.SGP\Minterior.DBO.Seccionales_Policiales,NOMBRE_1,-1,-1;OBSERVACIONES "OBSERVACIONES" true true false 200 Text 0 0 ,First,#,Database Servers\192.168.151.51_SQLEXPRESS.gds\Minterior (VERSION:dbo.DEFAULT)\Minterior.DBO.SGP\Minterior.DBO.Seccionales_Policiales,OBSERVACIONES,-1,-1;CODIGODPTO "CODIGODPTO" true true false 6 Text 0 0 ,First,#,Database Servers\192.168.151.51_SQLEXPRESS.gds\Minterior (VERSION:dbo.DEFAULT)\Minterior.DBO.SGP\Minterior.DBO.Seccionales_Policiales,CODIGODPTO,-1,-1;CODIGOSECCION "CODIGOSECCION" true true false 6 Text 0 0 ,First,#,Database Servers\192.168.151.51_SQLEXPRESS.gds\Minterior (VERSION:dbo.DEFAULT)\Minterior.DBO.SGP\Minterior.DBO.Seccionales_Policiales,CODIGOSECCION,-1,-1;Shape_STArea__ "Shape_STArea__" false false true 0 Double 0 0 ,First,#,Database Servers\192.168.151.51_SQLEXPRESS.gds\Minterior (VERSION:dbo.DEFAULT)\Minterior.DBO.SGP\Minterior.DBO.Seccionales_Policiales,Shape.STArea(),-1,-1;Shape_STLength__ "Shape_STLength__" false false true 0 Double 0 0 ,First,#,Database Servers\192.168.151.51_SQLEXPRESS.gds\Minterior (VERSION:dbo.DEFAULT)\Minterior.DBO.SGP\Minterior.DBO.Seccionales_Policiales,Shape.STLength(),-1,-1" #</Process><Process ToolSource="c:\program files (x86)\arcgis\desktop10.2\ArcToolbox\Toolboxes\Conversion Tools.tbx\FeatureClassToFeatureClass" Date="20171030" Time="181806">FeatureClassToFeatureClass "C:\SIG 2016\SeccionalesPolicialesSet2017.gdb\Mapabase\SeccionalesPoliciales" "Database Servers\192.168.151.51_SQLEXPRESS.gds\Minterior (VERSION:dbo.DEFAULT)\Minterior.DBO.SGP" Seccionales_Policiales # "NOMBRE "CALLE" true true false 50 Text 0 0 ,First,#,C:\SIG 2016\SeccionalesPolicialesSet2017.gdb\Mapabase\SeccionalesPoliciales,NOMBRE,-1,-1;DEPARTAMENTO "DEPARTAMENTO" true true false 50 Text 0 0 ,First,#,C:\SIG 2016\SeccionalesPolicialesSet2017.gdb\Mapabase\SeccionalesPoliciales,DEPARTAMENTO,-1,-1;SECCION "SECCION" true true false 2 Short 0 0 ,First,#,C:\SIG 2016\SeccionalesPolicialesSet2017.gdb\Mapabase\SeccionalesPoliciales,SECCION,-1,-1;NPUERTA "NPUERTA" true true false 2 Short 0 0 ,First,#,C:\SIG 2016\SeccionalesPolicialesSet2017.gdb\Mapabase\SeccionalesPoliciales,NPUERTA,-1,-1;NOMBRE_1 "NOMBRE_1" true true false 50 Text 0 0 ,First,#,C:\SIG 2016\SeccionalesPolicialesSet2017.gdb\Mapabase\SeccionalesPoliciales,NOMBRE_1,-1,-1;OBSERVACIONES "OBSERVACIONES" true true false 200 Text 0 0 ,First,#,C:\SIG 2016\SeccionalesPolicialesSet2017.gdb\Mapabase\SeccionalesPoliciales,OBSERVACIONES,-1,-1;CODIGODPTO "CODIGODPTO" true true false 6 Text 0 0 ,First,#,C:\SIG 2016\SeccionalesPolicialesSet2017.gdb\Mapabase\SeccionalesPoliciales,CODIGODPTO,-1,-1;CODIGOSECCION "CODIGOSECCION" true true false 6 Text 0 0 ,First,#,C:\SIG 2016\SeccionalesPolicialesSet2017.gdb\Mapabase\SeccionalesPoliciales,CODIGOSECCION,-1,-1;Shape_Length "Shape_Length" false true true 8 Double 0 0 ,First,#,C:\SIG 2016\SeccionalesPolicialesSet2017.gdb\Mapabase\SeccionalesPoliciales,Shape_Length,-1,-1;Shape_Area "Shape_Area" false true true 8 Double 0 0 ,First,#,C:\SIG 2016\SeccionalesPolicialesSet2017.gdb\Mapabase\SeccionalesPoliciales,Shape_Area,-1,-1" #</Process><Process ToolSource="c:\program files (x86)\arcgis\desktop10.2\ArcToolbox\Toolboxes\Data Management Tools.tbx\DeleteFeatures" Date="20180315" Time="025022">DeleteFeatures minterior.SDE.Seccionales_Policiales</Process><Process ToolSource="c:\program files (x86)\arcgis\desktop10.2\ArcToolbox\Toolboxes\Data Management Tools.tbx\DeleteFeatures" Date="20180315" Time="025410">DeleteFeatures minterior.SDE.Seccionales_Policiales</Process><Process ToolSource="c:\program files (x86)\arcgis\desktop10.2\ArcToolbox\Toolboxes\Data Management Tools.tbx\DeleteFeatures" Date="20190627" Time="021028">DeleteFeatures minterior.SDE.Seccionales_Policiales</Process><Process ToolSource="c:\program files (x86)\arcgis\desktop10.2\ArcToolbox\Toolboxes\Data Management Tools.tbx\DeleteFeatures" Date="20190815" Time="023319">DeleteFeatures "Database Connections\minterior_sde.sde\Minterior.SDE.SGP\minterior.SDE.Seccionales_Policiales"</Process><Process ToolSource="c:\program files (x86)\arcgis\desktop10.2\ArcToolbox\Toolboxes\Data Management Tools.tbx\DeleteFeatures" Date="20200220" Time="021652">DeleteFeatures minterior.SDE.Seccionales_Policiales</Process><Process ToolSource="c:\program files (x86)\arcgis\desktop10.2\ArcToolbox\Toolboxes\Data Management Tools.tbx\DeleteFeatures" Date="20210629" Time="020608">DeleteFeatures minterior.SDE.Seccionales_Policiales</Process><Process ToolSource="c:\program files (x86)\arcgis\desktop10.2\ArcToolbox\Toolboxes\Data Management Tools.tbx\DeleteFeatures" Date="20210928" Time="021140">DeleteFeatures minterior.SDE.Seccionales_Policiales</Process><Process ToolSource="c:\program files (x86)\arcgis\desktop10.2\ArcToolbox\Toolboxes\Data Management Tools.tbx\CopyFeatures" Date="20241021" Time="164628">CopyFeatures "Database Connections\minterior_sa.sde\Minterior.SDE.SGP\minterior.SDE.Seccionales_Policiales" "C:\SIG 2016\Avero\2. SeccionalesPoliciales_Prefectura\SeccionalesPoliciales\SeccionalesPoliciales.gdb\Seccionales_Policiales" # 0 0 0</Process><Process ToolSource="c:\program files\arcgis\pro\Resources\ArcToolbox\Toolboxes\Data Management Tools.tbx\Rename" Date="20241021" Time="165830">Rename "D:\TIC-Geomática_Respaldos_AVERO\5. ProyGeomatica51Desarrollo\Geomatica51Des\Datos\LímitesJurisdiccionales\SeccionalesPoliciales.gdb\Seccionales_Policiales" "D:\TIC-Geomática_Respaldos_AVERO\5. ProyGeomatica51Desarrollo\Geomatica51Des\Datos\LímitesJurisdiccionales\SeccionalesPoliciales.gdb\Seccionales_Policiales_20241021_original" FeatureClass</Process><Process ToolSource="c:\program files\arcgis\pro\Resources\ArcToolbox\Toolboxes\Data Management Tools.tbx\CopyMultiple" Date="20241021" Time="165839">CopyMultiple "'D:\TIC-Geomática_Respaldos_AVERO\5. ProyGeomatica51Desarrollo\Geomatica51Des\Datos\LímitesJurisdiccionales\SeccionalesPoliciales.gdb\Seccionales_Policiales_20241021_original' FeatureClass" "D:\TIC-Geomática_Respaldos_AVERO\5. ProyGeomatica51Desarrollo\Geomatica51Des\Datos\LímitesJurisdiccionales\SeccionalesPoliciales.gdb" Seccionales_Policiales_20241021_original_1 "Seccionales_Policiales_20241021_original FeatureClass Seccionales_Policiales_20241021_original_1 #"</Process><Process ToolSource="c:\program files\arcgis\pro\Resources\ArcToolbox\Toolboxes\Data Management Tools.tbx\Rename" Date="20241021" Time="165848">Rename "D:\TIC-Geomática_Respaldos_AVERO\5. ProyGeomatica51Desarrollo\Geomatica51Des\Datos\LímitesJurisdiccionales\SeccionalesPoliciales.gdb\Seccionales_Policiales_20241021_original_1" "D:\TIC-Geomática_Respaldos_AVERO\5. ProyGeomatica51Desarrollo\Geomatica51Des\Datos\LímitesJurisdiccionales\SeccionalesPoliciales.gdb\Seccionales_Policiales_20241021" FeatureClass</Process><Process ToolSource="c:\program files\arcgis\pro\Resources\ArcToolbox\toolboxes\Conversion Tools.tbx\ExportFeatures" Date="20250116" Time="145838">ExportFeatures "D:\TIC-Geomática_Respaldos_AVERO\5. ProyGeomatica51Desarrollo\Geomatica51Des\Datos\LímitesJurisdiccionales\SeccionalesPoliciales.gdb\SeccionalesPoliciales_modif\Seccionales_Policiales_20241021" C:\Users\42729947\Desktop\SeccionalesPoliciales\SeccionalesPoliciales.shp # NOT_USE_ALIAS "NOMBRE "CALLE" true true false 50 Text 0 0,First,#,D:\TIC-Geomática_Respaldos_AVERO\5. ProyGeomatica51Desarrollo\Geomatica51Des\Datos\LímitesJurisdiccionales\SeccionalesPoliciales.gdb\SeccionalesPoliciales_modif\Seccionales_Policiales_20241021,NOMBRE,0,50;DEPARTAMENTO "DEPARTAMENTO" true true false 50 Text 0 0,First,#,D:\TIC-Geomática_Respaldos_AVERO\5. ProyGeomatica51Desarrollo\Geomatica51Des\Datos\LímitesJurisdiccionales\SeccionalesPoliciales.gdb\SeccionalesPoliciales_modif\Seccionales_Policiales_20241021,DEPARTAMENTO,0,50;SECCION "SECCION" true true false 2 Short 0 0,First,#,D:\TIC-Geomática_Respaldos_AVERO\5. ProyGeomatica51Desarrollo\Geomatica51Des\Datos\LímitesJurisdiccionales\SeccionalesPoliciales.gdb\SeccionalesPoliciales_modif\Seccionales_Policiales_20241021,SECCION,-1,-1;NPUERTA "NPUERTA" true true false 2 Short 0 0,First,#,D:\TIC-Geomática_Respaldos_AVERO\5. ProyGeomatica51Desarrollo\Geomatica51Des\Datos\LímitesJurisdiccionales\SeccionalesPoliciales.gdb\SeccionalesPoliciales_modif\Seccionales_Policiales_20241021,NPUERTA,-1,-1;NOMBRE_1 "NOMBRE_1" true true false 50 Text 0 0,First,#,D:\TIC-Geomática_Respaldos_AVERO\5. ProyGeomatica51Desarrollo\Geomatica51Des\Datos\LímitesJurisdiccionales\SeccionalesPoliciales.gdb\SeccionalesPoliciales_modif\Seccionales_Policiales_20241021,NOMBRE_1,0,50;OBSERVACIONES "OBSERVACIONES" true true false 200 Text 0 0,First,#,D:\TIC-Geomática_Respaldos_AVERO\5. ProyGeomatica51Desarrollo\Geomatica51Des\Datos\LímitesJurisdiccionales\SeccionalesPoliciales.gdb\SeccionalesPoliciales_modif\Seccionales_Policiales_20241021,OBSERVACIONES,0,200;CODIGODPTO "CODIGODPTO" true true false 6 Text 0 0,First,#,D:\TIC-Geomática_Respaldos_AVERO\5. ProyGeomatica51Desarrollo\Geomatica51Des\Datos\LímitesJurisdiccionales\SeccionalesPoliciales.gdb\SeccionalesPoliciales_modif\Seccionales_Policiales_20241021,CODIGODPTO,0,6;CODIGOSECCION "CODIGOSECCION" true true false 6 Text 0 0,First,#,D:\TIC-Geomática_Respaldos_AVERO\5. ProyGeomatica51Desarrollo\Geomatica51Des\Datos\LímitesJurisdiccionales\SeccionalesPoliciales.gdb\SeccionalesPoliciales_modif\Seccionales_Policiales_20241021,CODIGOSECCION,0,6;Shape_Length "Shape_Length" false true true 8 Double 0 0,First,#,D:\TIC-Geomática_Respaldos_AVERO\5. ProyGeomatica51Desarrollo\Geomatica51Des\Datos\LímitesJurisdiccionales\SeccionalesPoliciales.gdb\SeccionalesPoliciales_modif\Seccionales_Policiales_20241021,Shape_Length,-1,-1;Shape_Area "Shape_Area" false true true 8 Double 0 0,First,#,D:\TIC-Geomática_Respaldos_AVERO\5. ProyGeomatica51Desarrollo\Geomatica51Des\Datos\LímitesJurisdiccionales\SeccionalesPoliciales.gdb\SeccionalesPoliciales_modif\Seccionales_Policiales_20241021,Shape_Area,-1,-1" #</Process></lineage><itemProps><itemName Sync="TRUE">SeccionalesPoliciales</itemName><imsContentType Sync="TRUE">002</imsContentType><itemLocation><linkage Sync="TRUE">file://\\01-015-7-235\C$\Users\42729947\Desktop\SeccionalesPoliciales\SeccionalesPoliciales.shp</linkage><protocol Sync="TRUE">Local Area Network</protocol></itemLocation><itemSize Sync="TRUE">0.000</itemSize></itemProps><coordRef><type Sync="TRUE">Projected</type><geogcsn Sync="TRUE">GCS_WGS_1984</geogcsn><csUnits Sync="TRUE">Linear Unit: Meter (1.000000)</csUnits><projcsn Sync="TRUE">WGS_1984_UTM_Zone_21S</projcsn><peXml Sync="TRUE">&lt;ProjectedCoordinateSystem xsi:type='typens:ProjectedCoordinateSystem' xmlns:xsi='http://www.w3.org/2001/XMLSchema-instance' xmlns:xs='http://www.w3.org/2001/XMLSchema' xmlns:typens='http://www.esri.com/schemas/ArcGIS/3.1.0'&gt;&lt;WKT&gt;PROJCS[&amp;quot;WGS_1984_UTM_Zone_21S&amp;quot;,GEOGCS[&amp;quot;GCS_WGS_1984&amp;quot;,DATUM[&amp;quot;D_WGS_1984&amp;quot;,SPHEROID[&amp;quot;WGS_1984&amp;quot;,6378137.0,298.257223563]],PRIMEM[&amp;quot;Greenwich&amp;quot;,0.0],UNIT[&amp;quot;Degree&amp;quot;,0.0174532925199433]],PROJECTION[&amp;quot;Transverse_Mercator&amp;quot;],PARAMETER[&amp;quot;False_Easting&amp;quot;,500000.0],PARAMETER[&amp;quot;False_Northing&amp;quot;,10000000.0],PARAMETER[&amp;quot;Central_Meridian&amp;quot;,-57.0],PARAMETER[&amp;quot;Scale_Factor&amp;quot;,0.9996],PARAMETER[&amp;quot;Latitude_Of_Origin&amp;quot;,0.0],UNIT[&amp;quot;Meter&amp;quot;,1.0],AUTHORITY[&amp;quot;EPSG&amp;quot;,32721]]&lt;/WKT&gt;&lt;XOrigin&gt;-5120900&lt;/XOrigin&gt;&lt;YOrigin&gt;1900&lt;/YOrigin&gt;&lt;XYScale&gt;450445547.3910538&lt;/XYScale&gt;&lt;ZOrigin&gt;-100000&lt;/ZOrigin&gt;&lt;ZScale&gt;10000&lt;/ZScale&gt;&lt;MOrigin&gt;-100000&lt;/MOrigin&gt;&lt;MScale&gt;10000&lt;/MScale&gt;&lt;XYTolerance&gt;0.001&lt;/XYTolerance&gt;&lt;ZTolerance&gt;0.001&lt;/ZTolerance&gt;&lt;MTolerance&gt;0.001&lt;/MTolerance&gt;&lt;HighPrecision&gt;true&lt;/HighPrecision&gt;&lt;WKID&gt;32721&lt;/WKID&gt;&lt;LatestWKID&gt;32721&lt;/LatestWKID&gt;&lt;/ProjectedCoordinateSystem&gt;</peXml></coordRef></DataProperties><SyncDate>20250116</SyncDate><SyncTime>14583800</SyncTime><ModDate>20250116</ModDate><ModTime>14583800</ModTime></Esri><dataIdInfo><envirDesc Sync="TRUE">Microsoft Windows 10 Version 10.0 (Build 22631) ; Esri ArcGIS 13.1.0.41833</envirDesc><dataLang><languageCode value="spa" Sync="TRUE"/><countryCode value="URY" Sync="TRUE"/></dataLang><idCitation><resTitle Sync="TRUE">SeccionalesPoliciales</resTitle><presForm><PresFormCd value="005" Sync="TRUE"/></presForm></idCitation><spatRpType><SpatRepTypCd value="001" Sync="TRUE"/></spatRpType></dataIdInfo><mdLang><languageCode value="spa" Sync="TRUE"/><countryCode value="URY" Sync="TRUE"/></mdLang><distInfo><distFormat><formatName Sync="TRUE">Shapefile</formatName></distFormat><distTranOps><transSize Sync="TRUE">0.000</transSize></distTranOps></distInfo><mdHrLv><ScopeCd value="005" Sync="TRUE"/></mdHrLv><mdHrLvName Sync="TRUE">dataset</mdHrLvName><refSysInfo><RefSystem><refSysID><identCode code="32721" Sync="TRUE"/><idCodeSpace Sync="TRUE">EPSG</idCodeSpace><idVersion Sync="TRUE">9.8.8(3.0.1)</idVersion></refSysID></RefSystem></refSysInfo><spatRepInfo><VectSpatRep><geometObjs Name="SeccionalesPoliciales"><geoObjTyp><GeoObjTypCd value="002" Sync="TRUE"></GeoObjTypCd></geoObjTyp><geoObjCnt Sync="TRUE">0</geoObjCnt></geometObjs><topLvl><TopoLevCd value="001" Sync="TRUE"></TopoLevCd></topLvl></VectSpatRep></spatRepInfo><spdoinfo><ptvctinf><esriterm Name="SeccionalesPoliciales"><efeatyp Sync="TRUE">Simple</efeatyp><efeageom code="4" Sync="TRUE"></efeageom><esritopo Sync="TRUE">FALSE</esritopo><efeacnt Sync="TRUE">0</efeacnt><spindex Sync="TRUE">FALSE</spindex><linrefer Sync="TRUE">FALSE</linrefer></esriterm></ptvctinf></spdoinfo><eainfo><detailed Name="SeccionalesPoliciales"><enttyp><enttypl Sync="TRUE">SeccionalesPoliciales</enttypl><enttypt Sync="TRUE">Feature Class</enttypt><enttypc Sync="TRUE">0</enttypc></enttyp><attr><attrlabl Sync="TRUE">FID</attrlabl><attalias Sync="TRUE">FID</attalias><attrtype Sync="TRUE">OID</attrtype><attwidth Sync="TRUE">4</attwidth><atprecis Sync="TRUE">0</atprecis><attscale Sync="TRUE">0</attscale><attrdef Sync="TRUE">Internal feature number.</attrdef><attrdefs Sync="TRUE">Esri</attrdefs><attrdomv><udom Sync="TRUE">Sequential unique whole numbers that are automatically generated.</udom></attrdomv></attr><attr><attrlabl Sync="TRUE">NOMBRE</attrlabl><attalias Sync="TRUE">NOMBRE</attalias><attrtype Sync="TRUE">String</attrtype><attwidth Sync="TRUE">50</attwidth><atprecis Sync="TRUE">0</atprecis><attscale Sync="TRUE">0</attscale></attr><attr><attrlabl Sync="TRUE">SECCION</attrlabl><attalias Sync="TRUE">SECCION</attalias><attrtype Sync="TRUE">Integer</attrtype><attwidth Sync="TRUE">5</attwidth><atprecis Sync="TRUE">5</atprecis><attscale Sync="TRUE">0</attscale></attr><attr><attrlabl Sync="TRUE">DEPARTAMEN</attrlabl><attalias Sync="TRUE">DEPARTAMEN</attalias><attrtype Sync="TRUE">String</attrtype><attwidth Sync="TRUE">50</attwidth><atprecis Sync="TRUE">0</atprecis><attscale Sync="TRUE">0</attscale></attr><attr><attrlabl Sync="TRUE">NPUERTA</attrlabl><attalias Sync="TRUE">NPUERTA</attalias><attrtype Sync="TRUE">Integer</attrtype><attwidth Sync="TRUE">5</attwidth><atprecis Sync="TRUE">5</atprecis><attscale Sync="TRUE">0</attscale></attr><attr><attrlabl Sync="TRUE">NOMBRE_1</attrlabl><attalias Sync="TRUE">NOMBRE_1</attalias><attrtype Sync="TRUE">String</attrtype><attwidth Sync="TRUE">50</attwidth><atprecis Sync="TRUE">0</atprecis><attscale Sync="TRUE">0</attscale></attr><attr><attrlabl Sync="TRUE">CODIGODPTO</attrlabl><attalias Sync="TRUE">CODIGODPTO</attalias><attrtype Sync="TRUE">String</attrtype><attwidth Sync="TRUE">6</attwidth><atprecis Sync="TRUE">0</atprecis><attscale Sync="TRUE">0</attscale></attr><attr><attrlabl Sync="TRUE">OBSERVACIO</attrlabl><attalias Sync="TRUE">OBSERVACIO</attalias><attrtype Sync="TRUE">String</attrtype><attwidth Sync="TRUE">200</attwidth><atprecis Sync="TRUE">0</atprecis><attscale Sync="TRUE">0</attscale></attr><attr><attrlabl Sync="TRUE">Shape</attrlabl><attalias Sync="TRUE">Shape</attalias><attrtype Sync="TRUE">Geometry</attrtype><attwidth Sync="TRUE">0</attwidth><atprecis Sync="TRUE">0</atprecis><attscale Sync="TRUE">0</attscale><attrdef Sync="TRUE">Feature geometry.</attrdef><attrdefs Sync="TRUE">Esri</attrdefs><attrdomv><udom Sync="TRUE">Coordinates defining the features.</udom></attrdomv></attr><attr><attrlabl Sync="TRUE">CODIGOSECC</attrlabl><attalias Sync="TRUE">CODIGOSECC</attalias><attrtype Sync="TRUE">String</attrtype><attwidth Sync="TRUE">6</attwidth><atprecis Sync="TRUE">0</atprecis><attscale Sync="TRUE">0</attscale></attr><attr><attrlabl Sync="TRUE">Shape_Leng</attrlabl><attalias Sync="TRUE">Shape_Leng</attalias><attrtype Sync="TRUE">Double</attrtype><attwidth Sync="TRUE">19</attwidth><atprecis Sync="TRUE">0</atprecis><attscale Sync="TRUE">0</attscale></attr><attr><attrlabl Sync="TRUE">Shape_Area</attrlabl><attalias Sync="TRUE">Shape_Area</attalias><attrtype Sync="TRUE">Double</attrtype><attwidth Sync="TRUE">19</attwidth><atprecis Sync="TRUE">0</atprecis><attscale Sync="TRUE">0</attscale><attrdef Sync="TRUE">Area of feature in internal units squared.</attrdef><attrdefs Sync="TRUE">Esri</attrdefs><attrdomv><udom Sync="TRUE">Positive real numbers that are automatically generated.</udom></attrdomv></attr></detailed></eainfo><mdDateSt Sync="TRUE">20250116</mdDateSt></metadata>
